name,date,id
Arkan Sharifi ,2017-10-30,IRQ
Qais al-Jazar (Qais al-Qadhi) ,2017-10-29,SYR
Daphne Caruana Galizia ,2017-10-16,MLT
Ali Nur Siad ,2017-10-14,SOM
Hawker Faisal Mohammed ,2017-10-13,SYR
Dilshan Ibash ,2017-10-12,SYR
Edgar Daniel Esqueda Castro ,2017-10-01,MEX
Louay Sadiq Meshaal ,2017-10-01,IRQ
Abdullahi Osman Moalim ,2017-09-13,SOM
Gauri Lankesh ,2017-09-05,IND
Christopher Allen ,2017-08-26,SDS
Osama Nasr al-Zoabi ,2017-08-21,SYR
Kim Wall ,2017-08-10,DNK
Khaled al-Khateb ,2017-07-30,SYR
Sudad Faris ,2017-07-07,IRQ
Harb Hazzah al-Duleimi ,2017-07-07,IRQ
Veronique Robert ,2017-06-24,IRQ
Stephane Villeneuve ,2017-06-19,IRQ
Habibollah Hosseinzadeh ,2017-05-31,AFG
Suhaib al-Heeti ,2017-05-30,IRQ
Takieddin al-Hudhaifi ,2017-05-26,YEM
Wael al-Absi ,2017-05-26,YEM
Dmitry Popkov ,2017-05-24,RUS
Javier Valdez Cárdenas ,2017-05-15,MEX
Alaa Kraym (Mohammed al-Qabouni) ,2017-05-04,SYR
Nikolai Andrushchenko ,2017-04-19,RUS
Maximino Rodríguez ,2017-04-14,MEX
Miroslava Breach Velducea ,2017-03-23,MEX
Joaquin Briones ,2017-03-13,PHL
Mohamed Abazied (George Samara) ,2017-03-12,SYR
Cecilio Pineda Birto ,2017-03-02,MEX
Shifa Zikri Ibrahim (Shifa Gardi) ,2017-02-25,IRQ
Taimoor Khan ,2017-02-12,PAK
Abdul Hakim Shimul ,2017-02-03,BGD
Mohammad Nasir Mudasir  ,2016-12-15,AFG
Soe Moe Tun  ,2016-12-13,MMR
Awab al-Zubiry ,2016-11-18,YEM
Mohsen Khazaei ,2016-11-12,SYR
Mahad Ali Mohamed  ,2016-11-06,SOM
Naimatullah Zaheer ,2016-11-04,AFG
Abdul Salam Kanaan ,2016-10-31,SYR
Ali Risan ,2016-10-22,IRQ
Ahmet Haceroğlu ,2016-10-21,IRQ
Jeroen Oerlemans  ,2016-10-02,LBY
Abdiaziz Ali ,2016-09-27,SOM
Taha Shawkat Al-Halou ,2016-08-27,SYR
Mustafa Said ,2016-08-14,IRQ
Shehzad Ahmed ,2016-08-08,PAK
Mehmood Khan ,2016-08-08,PAK
Mubarak al-Abadi ,2016-08-05,YEM
Ahmad Hallak ,2016-08-02,SYR
Mohammed Sayyed Hassan ,2016-08-01,SYR
João Miranda do Carmo ,2016-07-24,BRA
Abdelqadir Fassouk ,2016-07-21,LBY
Pavel Sheremet ,2016-07-20,UKR
Abdullah Mohammad Ghannam ,2016-07-14,SYR
Ali Mahmud ,2016-07-13,IRQ
Ibrahim Omar ,2016-07-11,SYR
Sami Jawdat Rabah ,2016-06-25,SYR
Samer Mohammed Aboud ,2016-06-25,SYR
Mustafa Abdul Hassa ,2016-06-25,SYR
Mohammed Eissa ,2016-06-25,SYR
Khaled al-Zintani  ,2016-06-24,LBY
Khaled Eissa  ,2016-06-24,SYR
Elidio Ramos Zárate ,2016-06-19,MEX
Sagal Salad Osman ,2016-06-05,SOM
David Gilkey ,2016-06-05,AFG
Zabihullah Tamanna ,2016-06-05,AFG
Osama Jumaa ,2016-06-05,SYR
Rajdev Ranjan ,2016-05-13,IND
Zaher al-Shurqat ,2016-04-12,TUR
Mohammed Ghalib al-Majidi ,2016-03-21,YEM
Majid Dirani ,2016-02-19,SYR
Ahmed al-Shaibani ,2016-02-16,YEM
Karun Misra ,2016-02-13,IND
El-Hadj Mohamed Diallo  ,2016-02-05,GIN
Rohat Aktaş ,2016-01-30,TUR
Hashim al-Hamran ,2016-01-22,YEM
Marcos Hernández Bautista  ,2016-01-21,MEX
Almigdad Mojalli ,2016-01-17,YEM
Hassan al-Anbaki ,2016-01-12,IRQ
Saif Talal ,2016-01-12,IRQ
Naji Jerf ,2015-12-27,TUR
Ahmed Mohamed al-Mousa ,2015-12-16,SYR
Zakaria Ibrahim ,2015-12-07,SYR
Hindia Haji Mohamed ,2015-12-03,SOM
Guillaume Barreau-Decherf ,2015-11-13,FRA
Ítalo Eduardo Diniz Barros ,2015-11-13,BRA
Israel Gonçalves Silva ,2015-11-10,BRA
Ahmed Abu al-Hamza ,2015-11-06,SYR
Zaman Mehsud ,2015-11-03,PAK
Batoul Mokhles al-Warrar ,2015-11-03,SYR
Mustaf Abdi Noor  ,2015-11-01,SOM
Faisal Arefin Dipan ,2015-10-31,BGD
Fares Hamadi ,2015-10-30,TUR
Ibrahim Abd al-Qader ,2015-10-30,TUR
Jomaa Al-Ahmad (Abu al-Nour al-Halabi) ,2015-10-27,SYR
Wasem Aledel ,2015-10-23,SYR
Obada Ghazal ,2015-09-26,SYR
Bilal Sharaf al-Deen ,2015-09-17,YEM
Yahya Abdul Hamid ,2015-09-12,IRQ
George Abanga ,2015-09-10,GHA
Flor Alba Núñez Vargas ,2015-09-10,COL
Adam Ward ,2015-08-26,USA
Alison Parker ,2015-08-26,USA
Niloy Neel ,2015-08-07,BGD
Gleydson Carvalho ,2015-08-06,BRA
Adel Sayegh  ,2015-08-01,IRQ
Rubén Espinosa Becerril ,2015-07-31,MEX
Thaer al-Ajlani ,2015-07-27,SYR
Jalaa al-Abadi ,2015-07-15,IRQ
Filadelfo Sánchez Sarmiento ,2015-07-02,MEX
Mohammed al-Asfar ,2015-06-26,SYR
Łukasz Masiak ,2015-06-14,POL
Jagendra Singh ,2015-06-08,IND
Ammar al-Shami ,2015-05-31,SYR
Djalma Santos da Conceição ,2015-05-22,BRA
Abdullah Qabil ,2015-05-21,YEM
Youssef al-Ayzari ,2015-05-21,YEM
Evany José Metzker ,2015-05-13,BRA
Ananta Bijoy Das ,2015-05-12,BGD
Armando Saldaña Morales ,2015-05-02,MEX
Firas al-Baher ,2015-05-01,IRQ
John Kituyi ,2015-04-30,KEN
Daud Ali Omar ,2015-04-29,SOM
Thaer Al-Ali ,2015-04-26,IRQ
Muftah al-Qatrani ,2015-04-22,LBY
Mohamed Shamsan ,2015-04-20,YEM
Soleil Balanga ,2015-04-16,COD
Humam Najjar (Abu Yazan al-Halabi) ,2015-04-16,SYR
Jamal Khalifeh ,2015-04-01,SYR
Washiqur Rahman Babu ,2015-03-30,BGD
Danilo López ,2015-03-10,GTM
Noureddine Hashim ,2015-03-08,SYR
Gerardo Ceferino Servían ,2015-03-05,BRA
Serhiy Nikolayev ,2015-02-28,UKR
Avijit Roy ,2015-02-26,BGD
Randa George ,2015-01-25,SDS
Dalia Marko ,2015-01-25,SDS
Musa Mohamed ,2015-01-25,SDS
Boutros Martin ,2015-01-25,SDS
Adam Juma ,2015-01-25,SDS
Bernard Maris ,2015-01-07,FRA
Georges Wolinski ,2015-01-07,FRA
Jean Cabut (Cabu) ,2015-01-07,FRA
Stephane Charbonnier (Charb) ,2015-01-07,FRA
Bernard Verlhac (Tignous) ,2015-01-07,FRA
Elsa Cayat ,2015-01-07,FRA
Moustapha Ourrad ,2015-01-07,FRA
Philippe Honoré ,2015-01-07,FRA
Khaled al-Washli ,2015-01-04,YEM
José Moisés Sánchez Cerezo  ,2015-01-02,MEX
Kenji Goto ,2015-01-01,SYR
Fadel al-Hadidi ,2015-01-01,IRQ
Marcos de Barros Leopoldo Guerra ,2014-12-23,BRA
Zubair Hatami ,2014-12-21,AFG
Mahran al-Deeri ,2014-12-10,SYR
Salem Khalil ,2014-12-08,SYR
Rami Asmi ,2014-12-08,SYR
Yousef el-Dous ,2014-12-08,SYR
Luke Somers ,2014-12-06,YEM
Mohamed Isaq ,2014-12-05,SOM
Abdulkadir Ahmed ,2014-12-05,SOM
MVN Shankar ,2014-11-26,IND
Zaher Mtawe'e ,2014-11-22,SYR
Abdirizak Ali Abdi ,2014-11-16,SOM
Pablo Medina Velázquez ,2014-10-16,PRY
Atallah Bajbouj ,2014-10-15,SYR
"Aung Kyaw Naing  ""Par Gyi"" ",2014-10-04,MMR
Facely Camara ,2014-09-16,GIN
Mohammed al-Qasim ,2014-09-10,SYR
Irshad Mastoi ,2014-08-28,PAK
Ghulam Rasool ,2014-08-28,PAK
Simone Camilli ,2014-08-13,ISR
Octavio Rojas Hernández ,2014-08-11,MEX
Leyla Yildizhan (Deniz Firat) ,2014-08-08,IRQ
Andrei Stenin ,2014-08-06,UKR
Steven Sotloff ,2014-08-01,SYR
James Foley ,2014-08-01,SYR
Sameh al-Aryan ,2014-07-30,ISR
Rami Rayan ,2014-07-30,ISR
Khaled Reyadh Hamad ,2014-07-20,ISR
Anatoly Klyan ,2014-06-30,UKR
Mohamed Taani ,2014-06-27,SYR
Yusuf Ahmed Abukar ,2014-06-21,SOM
Ahmed Hasan Ahmed ,2014-06-20,SYR
Edgar Pantaleón Fernández Fleitas ,2014-06-19,PRY
Igor Kornelyuk ,2014-06-17,UKR
Khalid Ali Hamada ,2014-06-15,IRQ
Tarun Kumar Acharya ,2014-05-27,IND
Muftah Bu Zeid ,2014-05-26,LBY
Andrea Rocchelli ,2014-05-24,UKR
Sadrul Alam Nipul ,2014-05-21,BGD
Fausto Gabriel Alcaraz Garay ,2014-05-16,PRY
Al-Moutaz Bellah Ibrahim ,2014-05-04,SYR
Camille Lepage ,2014-05-01,CAF
Mouaz Alomar (Abu Mehdi Al Hamwi) ,2014-04-25,SYR
Rubylita Garcia ,2014-04-06,PHL
Anja Niedringhaus ,2014-04-04,AFG
Mayada Ashraf ,2014-03-28,EGY
Nils Horner ,2014-03-11,AFG
Muthanna Abdel Hussein ,2014-03-10,IRQ
Khaled Abdel Thamer ,2014-03-10,IRQ
Ali Mustafa ,2014-03-09,SYR
Omar Abdul Qader ,2014-03-08,SYR
Turad Mohamed al-Zahouri ,2014-02-20,SYR
Vyacheslav Veremiy ,2014-02-19,UKR
Germain Kennedy Mumbere Muliwavyo ,2014-02-16,COD
Pedro Palma ,2014-02-13,BRA
Santiago Ilídio Andrade ,2014-02-10,BRA
Gregorio Jiménez de la Cruz ,2014-02-05,MEX
Firas Mohammed Attiyah ,2014-01-20,IRQ
Michael Tshele ,2014-01-13,ZAF
Bilal Ahmed Bilal ,2014-01-01,SYR
Shan Dahar ,2014-01-01,PAK
Jamal Abdul-Nasser Sami ,2013-12-23,IRQ
Raad Yassin Al-Baddi ,2013-12-23,IRQ
Wassan Al-Azzawi ,2013-12-23,IRQ
Molhem Barakat ,2013-12-20,SYR
Nawras al-Nuaimi ,2013-12-15,IRQ
Sai Reddy ,2013-12-06,IND
Kawa Garmyane ,2013-12-05,IRQ
Yasser Faisal al-Jumaili ,2013-12-04,SYR
Joas Dignos ,2013-11-29,PHL
Wadih Sa'ad al-Hamdani ,2013-11-27,IRQ
Alaa Edward Butros ,2013-11-24,IRQ
Mohamed Yamen Naddaf ,2013-11-24,SYR
Mohamed Ahmed Taysir Bellou ,2013-11-19,SYR
Saleh Ayyad Hafyana ,2013-11-18,LBY
Claude Verlon ,2013-11-02,MLI
Ghislaine Dupont ,2013-11-02,MLI
Mohammad Saeed ,2013-10-29,SYR
Mohamed Mohamud ,2013-10-26,SOM
Bashar al-Nuaimi ,2013-10-24,IRQ
Ayub Khattak ,2013-10-11,PAK
Mohammed Ghanem ,2013-10-05,IRQ
Mohammed Karim al-Badrani ,2013-10-05,IRQ
Nour al-Din Al-Hafiri ,2013-09-29,SYR
Édison Alberto Molina ,2013-09-11,COL
Rajesh Verma ,2013-09-07,IND
Abdel Aziz Mahmoud Hasoun ,2013-09-05,SYR
Fernando Solijon ,2013-08-29,PHL
Rakesh Sharma ,2013-08-23,IND
Narendra Dabholkar ,2013-08-20,IND
Muhammad Hassan Al-Musalama ,2013-08-20,SYR
Tamer Abdel Raouf ,2013-08-19,EGY
Shahir al-Muaddamani ,2013-08-16,SYR
Mosaab al-Shami ,2013-08-14,EGY
Ahmed Abdel Gawad ,2013-08-14,EGY
Mick Deane ,2013-08-14,EGY
Habiba Ahmed Abd Elaziz ,2013-08-14,EGY
Mario Sy ,2013-08-01,PHL
Muhammed Tariq Jadua ,2013-07-27,SYR
Akhmednabi Akhmednabiyev ,2013-07-09,RUS
Ahmed Assem el-Senousy ,2013-07-08,EGY
Liban Abdullahi Farah ,2013-07-07,SOM
Fidaa al-Baali ,2013-07-05,SYR
Salah al-Din Hassan ,2013-06-29,EGY
José Roberto Ornelas de Lemos ,2013-06-11,BRA
Yara Abbas ,2013-05-27,SYR
Youssef Younis ,2013-04-24,SYR
Mohamed Ibrahim Raage ,2013-04-21,SOM
Aslam Durrani ,2013-04-16,PAK
Walgney Assis Carvalho ,2013-04-14,BRA
Mikhail Beketov ,2013-04-08,RUS
Amer Diab ,2013-03-29,SYR
Mahmoud Natouf ,2013-03-14,SYR
Ghaith Abd al-Jawad ,2013-03-10,SYR
Amr Badir al-Deen Junaid ,2013-03-10,SYR
Rodrigo Neto ,2013-03-08,BRA
Walid Jamil Amira ,2013-03-03,SYR
Olivier Voisin ,2013-02-24,SYR
Mafaldo Bezerra Goes ,2013-02-22,BRA
Mohamed Saeed al-Hamwi ,2013-02-17,SYR
Ahmed Rajib Haider ,2013-02-15,BGD
Youssef Adel Bakri (Youssef Abu Jad) ,2013-02-15,SYR
Loay al-Nimir ,2013-01-31,SYR
Issam Obeid ,2013-01-31,SYR
Abdel Karim Nazir Ismail ,2013-01-31,SYR
Abdihared Osman Aden ,2013-01-18,SOM
Mohamed al-Mesalma ,2013-01-18,SYR
Yves Debay ,2013-01-17,SYR
Bassem Fawaz al-Zabi ,2013-01-13,SYR
Mirza Iqbal Hussain ,2013-01-10,PAK
Saif ur Rehman ,2013-01-10,PAK
Imran Shaikh ,2013-01-10,PAK
Suhail Mahmoud al-Ali ,2013-01-04,SYR
Abdul Raheem Kour Hassan ,2013-01-01,SYR
Dwijamani Singh ,2012-12-23,IND
Abd al-Karim al-Ezzo ,2012-12-21,SYR
Al-Hosseiny Abou Deif ,2012-12-12,EGY
Kazbek Gekkiyev ,2012-12-05,RUS
Naji Asaad ,2012-12-04,SYR
Mohamed Quratem ,2012-11-28,SYR
Guillermo Quiroz Delgado ,2012-11-27,COL
Mohamed al-Khal ,2012-11-25,SYR
Saqib Khan ,2012-11-22,PAK
Basel Tawfiq Youssef ,2012-11-21,SYR
Eduardo Carvalho ,2012-11-21,BRA
Hussam Salama ,2012-11-20,ISR
Mahmoud al-Kumi ,2012-11-20,ISR
Hozan Abdel Halim Mahmoud ,2012-11-19,SYR
Rehmatullah Abid ,2012-11-18,PAK
Adrián Silva Moreno ,2012-11-14,MEX
Ayham Mostafa Ghazzoul ,2012-11-09,SYR
Sattar Beheshti ,2012-11-03,IRN
Mohamed Mohamud Turyare ,2012-10-28,SOM
Ahmed Farah Ilyas ,2012-10-23,SOM
Mohammed al-Ashram ,2012-10-10,SYR
Mushtaq Khand ,2012-10-07,PAK
Mona al-Bakkour ,2012-10-03,SYR
Abdul Haq Baloch ,2012-09-29,PAK
Maya Naser ,2012-09-26,SYR
Hassan Yusuf Absuge ,2012-09-21,SOM
Liban Ali Nur ,2012-09-20,SOM
Abdisatar Daher Sabriye ,2012-09-20,SOM
Abdirahman Yasin Ali ,2012-09-20,SOM
Abdel Karim al-Oqda ,2012-09-19,SYR
Yusuf Ahmed Deeb ,2012-09-16,SYR
Hang Serei Odom ,2012-09-11,KHM
Tamer al-Awam ,2012-09-09,SYR
Daudi Mwangosi ,2012-09-02,TZA
Mosaab al-Obdaallah ,2012-08-22,SYR
Mika Yamamoto ,2012-08-20,SYR
Ali Abbas ,2012-08-11,SYR
Hatem Abu Yehia ,2012-08-10,SYR
Ihsan al-Buni ,2012-07-12,SYR
Valério Luiz de Oliveira ,2012-07-05,BRA
Byron Baldeón ,2012-07-01,ECU
Mohammad Shamma ,2012-06-27,SYR
Sami Abu Amin ,2012-06-27,SYR
Jamal Uddin ,2012-06-15,BGD
Abdul Qadir Hajizai ,2012-05-28,PAK
Ahmed al-Assam ,2012-05-28,SYR
Bassel al-Shahade ,2012-05-28,SYR
Ahmed Adnan al-Ashlaq ,2012-05-27,SYR
Lawrence Fahmy al-Naimi ,2012-05-27,SYR
Ammar Mohamed Suhail Zado ,2012-05-27,SYR
Ahmed Addow Anshur ,2012-05-24,SOM
Razzaq Gul ,2012-05-19,PAK
Farhan Jeemis Abdulle ,2012-05-02,SOM
Regina Martínez Pérez ,2012-04-28,MEX
Décio Sá ,2012-04-23,BRA
Ali Shaaban ,2012-04-09,LBN
Leiron Kogoya ,2012-04-08,IDN
Mahad Salad Adan ,2012-04-05,SOM
Ahmed Ismail Hassan ,2012-03-31,Bahrain
Ali Ahmed Abdi ,2012-03-04,SOM
Rajesh Mishra ,2012-03-01,IND
Abukar Hassan Mohamoud ,2012-02-28,SOM
Anas al-Tarsha ,2012-02-24,SYR
Rémi Ochlik ,2012-02-22,SYR
Marie Colvin ,2012-02-22,SYR
Rami al-Sayed ,2012-02-21,SYR
Mario Randolfo Marques Lopes ,2012-02-09,BRA
Mazhar Tayyara ,2012-02-04,SYR
Hassan Osman Abdi ,2012-01-28,SOM
Enenche Akogwu ,2012-01-20,NGA
Mukarram Khan Aatif ,2012-01-17,PAK
"Wisut ""Ae"" Tangwittayaporn ",2012-01-12,THA
Gilles Jacquier ,2012-01-11,SYR
Christopher Guarin ,2012-01-05,PHL
Basil al-Sayed ,2011-12-27,SYR
Abdisalan Sheikh Hassan ,2011-12-18,SOM
Gadzhimurad Kamalov ,2011-12-15,RUS
Rafiq Tagi ,2011-11-23,AZE
Ferzat Jarban ,2011-11-19,SYR
Gelson Domingos da Silva ,2011-11-06,BRA
Darío Fernández Jaén ,2011-11-06,PAN
Javed Naseer Rind ,2011-11-01,PAK
Zakariya Isa ,2011-10-22,NGA
Wael Mikhael ,2011-10-09,EGY
Faisal Qureshi ,2011-10-07,PAK
Phamon Phonphanit ,2011-09-24,THA
Hassan al-Wadhaf ,2011-09-24,YEM
Maria Elizabeth Macías Castro ,2011-09-24,MEX
Farhad Taqaddosi ,2011-09-20,AFG
Pedro Alfonso Flores Silva ,2011-09-08,PER
Hadi al-Mahdi ,2011-09-08,IRQ
Noramfaizul Mohd ,2011-09-02,SOM
José Agustín Silvestre de los Santos ,2011-08-02,DOM
Ahmad Omaid Khpalwak ,2011-07-28,AFG
Alwan al-Ghorabi ,2011-06-21,IRQ
Shafiullah Khan ,2011-06-17,PAK
Edinaldo Filgueira ,2011-06-15,BRA
Romeo Olea ,2011-06-13,PHL
Asfandyar Khan ,2011-06-11,PAK
Saleem Shahzad ,2011-05-29,PAK
Nasrullah Khan Afridi ,2011-05-10,PAK
Sylvain Gagnetau Lago ,2011-05-08,CIV
Alfredo Antonio Hurtado Núñez ,2011-04-25,SLV
Chris Hondros ,2011-04-20,LBY
Tim Hetherington ,2011-04-20,LBY
Karim Fakhrawi ,2011-04-12,Bahrain
Luciano Leitão Pedrosa ,2011-04-09,BRA
Zakariya Rashid Hassan al-Ashiri ,2011-04-09,Bahrain
Anton Hammerl ,2011-04-05,LBY
Sabah al-Bazi ,2011-03-29,IRQ
Muammar Khadir Abdelwahad ,2011-03-29,IRQ
Luis Emanuel Ruiz Carrillo ,2011-03-25,MEX
Mohammed al-Nabbous ,2011-03-19,LBY
Jamal al-Sharaabi ,2011-03-18,YEM
Ali Hassan al-Jaber ,2011-03-13,LBY
Noel López Olguín ,2011-03-01,MEX
Mohamed al-Hamdani ,2011-02-24,IRQ
Ahmad Mohamed Mahmoud ,2011-02-04,EGY
Gerardo Ortega ,2011-01-24,PHL
Umesh Rajput ,2011-01-23,IND
Lucas Mebrouk Dolega ,2011-01-17,TUN
Wali Khan Babar ,2011-01-13,PAK
Alfrets Mirulewan ,2010-12-17,IDN
Omar Rasim al-Qaysi ,2010-12-12,IRQ
Pervez Khan ,2010-12-06,PAK
Abdul Wahab ,2010-12-06,PAK
Carlos Alberto Guajardo Romero ,2010-11-05,MEX
Francisco Gomes de Medeiros ,2010-10-18,BRA
Tahrir Kadhim Jawad ,2010-10-04,IRQ
Luis Carlos Santiago ,2010-09-16,MEX
Misri Khan ,2010-09-14,PAK
Paul Kiggundu ,2010-09-11,UGA
Safa al-Din Abdel Hamid ,2010-09-08,IRQ
Riad al-Saray ,2010-09-07,IRQ
Ejaz Raisani ,2010-09-06,PAK
Alberto Graves Chakussanga ,2010-09-05,AGO
Aleh Byabenin ,2010-09-03,BLR
Barkhat Awale ,2010-08-24,SOM
Ridwan Salamun ,2010-08-21,IDN
Assaf Abu Rahal ,2010-08-03,LBN
Ardiansyah Matra'is ,2010-07-30,IDN
Vijay Pratap Singh ,2010-07-20,IND
Sokratis Giolias ,2010-07-19,GRC
Jean-Léonard Rugambage ,2010-06-26,RWA
James P. Hunter ,2010-06-24,AFG
Joselito Agustin ,2010-06-16,PHL
Desidario Camangyan ,2010-06-14,PHL
Ejazul Haq ,2010-05-28,PAK
Fabio Polenghi ,2010-05-19,THA
Ghulam Rasool Birhamani ,2010-05-09,PAK
Sardasht Osman ,2010-05-05,IRQ
Sheikh Nur Mohamed Abkey ,2010-05-04,SOM
Sunday Gyang Bwede ,2010-04-24,NGA
Nathan S. Dabak ,2010-04-24,NGA
Germain Cyrille Ngota Ngota ,2010-04-22,CMR
Azamat Ali Bangash ,2010-04-17,PAK
Malik Arif ,2010-04-16,PAK
Hiro Muramoto ,2010-04-10,THA
Clodomiro Castilla Ospino ,2010-03-19,COL
Nahúm Palacios Arteaga ,2010-03-14,HND
David Meza Montesinos ,2010-03-11,HND
Joseph Hernández Ochoa ,2010-03-01,HND
Muhammad al-Rabou'e ,2010-02-13,YEM
Rupert Hamer ,2010-01-10,AFG
Stanislas Ocloo ,2010-01-09,AGO
Valentín Valdés Espinosa ,2010-01-08,MEX
Michelle Lang ,2009-12-30,AFG
Gennady Pavlyuk (Ibragim Rustambek) ,2009-12-22,KAZ
Cihan Hayırsevener ,2009-12-19,TUR
Abdulkhafar Abdulkadir ,2009-12-03,SOM
Mohamed Amin ,2009-12-03,SOM
Hassan Zubeyr ,2009-12-03,SOM
Henry Araneta ,2009-11-23,PHL
Mark Gilbert Arriola ,2009-11-23,PHL
Rubello Bataluna ,2009-11-23,PHL
Arturo Betia ,2009-11-23,PHL
Romeo Jimmy Cabillo ,2009-11-23,PHL
Marites Cablitas ,2009-11-23,PHL
Hannibal Cachuela ,2009-11-23,PHL
Jepon Cadagdagon ,2009-11-23,PHL
John Caniban ,2009-11-23,PHL
Lea Dalmacio ,2009-11-23,PHL
Noel Decina ,2009-11-23,PHL
Gina Dela Cruz ,2009-11-23,PHL
Jhoy Duhay ,2009-11-23,PHL
Jolito Evardo ,2009-11-23,PHL
Santos Gatchalian ,2009-11-23,PHL
Bienvenido Legarte Jr. ,2009-11-23,PHL
Lindo Lupogan ,2009-11-23,PHL
Ernesto Maravilla ,2009-11-23,PHL
Rey Merisco ,2009-11-23,PHL
Reynaldo Momay ,2009-11-23,PHL
Marife “Neneng” Montaño ,2009-11-23,PHL
Rosell Morales ,2009-11-23,PHL
Victor Nuñez ,2009-11-23,PHL
Ronnie Perante ,2009-11-23,PHL
Joel Parcon ,2009-11-23,PHL
Fernando Razon ,2009-11-23,PHL
Alejandro Reblando ,2009-11-23,PHL
Napoleon Salaysay ,2009-11-23,PHL
Ian Subang ,2009-11-23,PHL
Andres Teodoro ,2009-11-23,PHL
Bladimir Antuna García ,2009-11-02,MEX
Orhan Hijran ,2009-10-21,IRQ
Norberto Miranda Madrid ,2009-09-23,MEX
Bayo Ohu ,2009-09-20,NGA
Sultan Mohammed Munadi ,2009-09-09,AFG
Christian Gregorio Poveda Ruiz ,2009-09-02,SLV
Janullah Hashimzada ,2009-08-24,PAK
Novruzali Mamedov ,2009-08-17,AZE
Abdulmalik Akhmedilov ,2009-08-11,RUS
Natalya Estemirova ,2009-07-15,RUS
Mohamud Mohamed Yusuf ,2009-07-04,SOM
Crispin Perez ,2009-06-09,PHL
Mukhtar Mohamed Hirabe ,2009-06-08,SOM
Jojo Trajano ,2009-06-03,PHL
Alaa Abdel-Wahab ,2009-05-31,IRQ
Nur Muse Hussein ,2009-05-26,SOM
Eliseo Barrón Hernández ,2009-05-25,MEX
Abdirisak Mohamed Warsame ,2009-05-22,SOM
Shoba ,2009-05-18,LKA
José Everardo Aguilar ,2009-04-29,COL
Anil Mazumdar ,2009-03-24,IND
Omidreza Mirsayafi ,2009-03-18,IRN
Suhaib Adnan ,2009-03-10,IRQ
Haidar Hashim Suhail ,2009-03-10,IRQ
Ernie Rollin ,2009-02-23,PHL
Musa Khankhel ,2009-02-18,PAK
Puniyamoorthy Sathiyamoorthy ,2009-02-12,LKA
Anak Agung Prabangsa ,2009-02-11,IDN
Ando Ratovonirina ,2009-02-07,MDG
Said Tahlil Ahmed ,2009-02-02,SOM
Anastasiya Baburova ,2009-01-19,RUS
Orel Sambrano ,2009-01-16,VEN
Uma Singh ,2009-01-11,NPL
Lasantha Wickramatunga ,2009-01-08,LKA
Basil Ibrahim Faraj ,2009-01-07,ISR
Tahir Awan ,2009-01-04,PAK
Mohammad Imran ,2009-01-04,PAK
Francis Nyaruri ,2009-01-01,KEN
Hassan Mayow Hassan ,2009-01-01,SOM
Vikas Ranjan ,2008-11-25,IND
José Armando Rodríguez Carreón ,2008-11-13,MEX
Abdul Razzak Johra ,2008-11-03,PAK
Ivo Pukanic ,2008-10-23,HRV
Rashmi Mohamed ,2008-10-06,LKA
Jaruek Rangcharoen ,2008-09-27,THA
Alejandro Zenón Fonseca Estrada ,2008-09-24,MEX
Musab Mahmood al-Ezawi ,2008-09-13,IRQ
Ahmed Salim ,2008-09-13,IRQ
Ihab Mu'd ,2008-09-13,IRQ
Telman (Abdulla) Alishayev ,2008-09-02,RUS
Magomed Yevloyev ,2008-08-31,RUS
Abdul Aziz Shaheen ,2008-08-29,PAK
Chalee Boonsawat ,2008-08-21,THA
Javed Ahmed Mir ,2008-08-13,IND
Stan Storimans ,2008-08-12,GEO
Alexander Klimchuk ,2008-08-10,GEO
Grigol Chikhladze ,2008-08-10,GEO
Dennis Cuesta ,2008-08-09,PHL
Martin Roxas ,2008-08-07,PHL
Athiwat Chaiyanurat ,2008-08-01,THA
Soran Mama Hama ,2008-07-21,IRQ
Khem Sambo ,2008-07-11,KHM
Mohieldin Al Naqeeb ,2008-06-17,IRQ
Abdul Samad Rohani ,2008-06-07,AFG
Nasteh Dahir Farah ,2008-06-07,SOM
Paranirupasingham Devakumar ,2008-05-28,LKA
Mohammed Ibrahim ,2008-05-22,PAK
Haidar al-Hussein ,2008-05-22,IRQ
Wissam Ali Ouda ,2008-05-21,IRQ
Ashok Sodhi ,2008-05-11,IND
Sarwa Abdul-Wahab ,2008-05-04,IRQ
Jassim al-Batat ,2008-04-25,IRQ
Fadel Shana ,2008-04-16,ISR
Mohammed Muslimuddin ,2008-04-01,IND
Carlos Quispe Quispe ,2008-03-29,BOL
Siraj Uddin ,2008-02-29,PAK
Shihab al-Tamimi ,2008-02-27,IRQ
Chishti Mujahid ,2008-02-09,PAK
Alaa Abdul-Karim al-Fartoosi ,2008-01-29,IRQ
Hassan Kafi Hared ,2008-01-28,SOM
Carsten Thomassen ,2008-01-15,AFG
Suresh Linbiyo ,2007-11-27,LKA
T. Tharmalingam ,2007-11-27,LKA
Isaivizhi Chempiyan ,2007-11-27,LKA
Zubair Ahmed Mujahid ,2007-11-23,PAK
Shehab Mohammad al-Hiti ,2007-10-28,IRQ
Alisher Saipov ,2007-10-24,KGZ
Bashiir Noor Gedi ,2007-10-19,SOM
Muhammad Arif ,2007-10-19,PAK
Carlos Salgado ,2007-10-18,HND
Salih Saif Aldin ,2007-10-14,IRQ
Birendra Shah ,2007-10-04,NPL
Kenji Nagai ,2007-09-27,MMR
Muhannad Ghanem Ahmad al-Obaidi ,2007-09-20,IRQ
Amer Malallah al-Rashidi ,2007-09-03,IRQ
Abdulkadir Mahad Moallim Kaskey ,2007-08-24,SOM
Tito Alberto Palma ,2007-08-22,PRY
Mahad Ahmed Elmi ,2007-08-11,SOM
Ali Sharmarke ,2007-08-11,SOM
Chauncey Bailey ,2007-08-02,USA
Adnan al-Safi ,2007-07-27,IRQ
Majeed Mohammed ,2007-07-16,IRQ
Mustafa Gaimayani ,2007-07-16,IRQ
Khalid W. Hassan ,2007-07-13,IRQ
Namir Noor-Eldeen ,2007-07-12,IRQ
Javed Khan ,2007-07-03,PAK
Prakash Singh Thakuri ,2007-07-01,NPL
Sarmad Hamdi Shaker ,2007-06-27,IRQ
Hamid Abed Sarhan ,2007-06-26,IRQ
Filaih Wuday Mijthab ,2007-06-17,IRQ
Serge Maheshe ,2007-06-13,COD
Aref Ali Filaih ,2007-06-11,IRQ
Sahar Hussein Ali al-Haydari ,2007-06-07,IRQ
Mohammad Hilal Karji ,2007-06-06,IRQ
Zakia Zaki ,2007-06-04,AFG
Noor Hakim Khan ,2007-06-02,PAK
Paulos Kidane ,2007-06-01,ERI
Nazar Abdulwahid al-Radhi ,2007-05-30,IRQ
Saif Laith Yousuf ,2007-05-17,IRQ
Alaa Uldeen Aziz ,2007-05-17,IRQ
Ahmed Hassan Mahad ,2007-05-16,SOM
Abshir Ali Gabre ,2007-05-16,SOM
Suleiman Abdul-Rahim al-Ashi ,2007-05-13,ISR
Raad Mutashar ,2007-05-09,IRQ
Dmitry Chebotayev ,2007-05-06,IRQ
Luiz Carlos Barbon Filho ,2007-05-05,BRA
Mohammed Abdullahi Khalif ,2007-05-05,SOM
Selvarajah Rajeewarnam ,2007-04-29,LKA
Mehboob Khan ,2007-04-28,PAK
Subash Chandraboas ,2007-04-16,LKA
Khaled Fayyad Obaid al-Hamdani ,2007-04-12,IRQ
Ajmal Naqshbandi ,2007-04-08,AFG
Othman al-Mashhadani ,2007-04-06,IRQ
Amado Ramírez Dillanes ,2007-04-06,MEX
Khamail Khalaf  ,2007-04-05,IRQ
Thaer Ahmad Jaber  ,2007-04-05,IRQ
Edward Chikomba ,2007-03-31,ZWE
Miguel Pérez Julca ,2007-03-17,PER
Hamid al-Duleimi ,2007-03-17,IRQ
Yussef Sabri ,2007-03-07,IRQ
Mohan Hussein al-Dhahir ,2007-03-04,IRQ
Ivan Safronov ,2007-03-02,RUS
Jamal al-Zubaidi ,2007-02-24,IRQ
Abdulrazak Hashim Ayal al-Khakani ,2007-02-05,IRQ
Hussein al-Zubaidi ,2007-01-28,IRQ
Rodolfo Rincón Taracena ,2007-01-20,MEX
Jean-Rémy Badio ,2007-01-19,HTI
Hrant Dink ,2007-01-19,TUR
Falah Khalaf al-Diyali ,2007-01-15,IRQ
Ahmed Hadi Naji ,2007-01-05,IRQ
"Fesshaye ""Joshua"" Yohannes ",2007-01-01,ERI
Aswan Ahmed Lutfallah ,2006-12-12,IRQ
Nabil Ibrahim al-Dulaimi ,2006-12-04,IRQ
Maksim Maksimov ,2006-11-30,RUS
Roberto Marcos García ,2006-11-21,MEX
Luma al-Karkhi ,2006-11-15,IRQ
Muhammad al-Ban ,2006-11-13,IRQ
Naqshin Hamma Rashid ,2006-10-29,IRQ
Bradley Will ,2006-10-27,MEX
Saed Mahdi Shlash ,2006-10-26,IRQ
Hussein Ali ,2006-10-12,IRQ
Ahmad Sha'ban ,2006-10-12,IRQ
Thaker al-Shouwili ,2006-10-12,IRQ
Noufel al-Shimari ,2006-10-12,IRQ
Abdul-Rahim Nasrallah al-Shimari ,2006-10-12,IRQ
Anna Politkovskaya ,2006-10-07,RUS
Christian Struwe ,2006-10-07,AFG
Karen Fischer ,2006-10-07,AFG
Ahmed Riyadh al-Karbouli ,2006-09-18,IRQ
Safa Isma'il Enad ,2006-09-13,IRQ
Abdel Karim al-Rubai ,2006-09-09,IRQ
Mohammed Taha Mohammed Ahmed ,2006-09-06,SDN
Ogulsapar Muradova ,2006-09-01,TKM
Atilano Segundo Pérez Barrios ,2006-08-22,COL
Mohammad Abbas Mohammad ,2006-08-07,IRQ
Ismail Amin Ali ,2006-08-07,IRQ
Riyad Muhammad Ali ,2006-07-30,IRQ
Adel Naji al-Mansouri  ,2006-07-29,IRQ
Layal Najib ,2006-07-23,LBN
Abdul Qodus ,2006-07-22,AFG
Armando Pace ,2006-07-18,PHL
Martin Adler ,2006-06-23,SOM
Maricel Vigo ,2006-06-19,PHL
George Vigo ,2006-06-19,PHL
Hayatullah Khan ,2006-06-16,PAK
Ibrahim Seneid ,2006-06-13,IRQ
Ali Jaafar ,2006-05-31,IRQ
Munir Ahmed Sangi ,2006-05-29,PAK
Paul Douglas ,2006-05-29,IRQ
James Brolan ,2006-05-29,IRQ
Fernando Batul ,2006-05-22,PHL
Laith al-Dulaimi ,2006-05-08,IRQ
Herliyanto ,2006-04-29,IDN
Jorge Aguirre ,2006-04-05,VEN
So'oud Muzahim al-Shoumari ,2006-04-04,IRQ
Kamal Manahi Anbar ,2006-03-26,IRQ
Gustavo Rojas Gabalo ,2006-03-20,COL
Muhsin Khudhair ,2006-03-13,IRQ
Amjad Hameed ,2006-03-11,IRQ
Munsuf Abdallah al-Khaldi ,2006-03-07,IRQ
Atwar Bahjat ,2006-02-23,IRQ
Adnan Khairallah ,2006-02-23,IRQ
Khaled Mahmoud al-Falahi ,2006-02-23,IRQ
Wu Xianghu ,2006-02-02,CHN
Mahmoud Za'al ,2006-01-25,IRQ
Subramaniyam Sugitharajah ,2006-01-24,LKA
Vagif Kochetkov ,2006-01-08,RUS
Prahlad Goala ,2006-01-06,IND